順位,タイトル,URL
1,【初心者向け】ブログの始め方完全ガイド！立ち上げから収入を ...,https://www.xserver.ne.jp/blog/start-guide-for-blog-beginners/
2,初心者のためのブログ始め方講座 | 国内シェアNo1サービスの「中の ...,https://www.xserver.ne.jp/blog/
3,初心者は必見！ブログの始め方 - お名前.com,https://www.onamae.com/server/bepossible/Make_a_blog/How_to_start_blog/
4,月100万稼ぐためのブログの始め方バイブル【初心者だけ見て】,https://www.colorfulbox.jp/media/category/blog/
5,【ブログ作成の解説手順付き】初心者がブログを作成する際に ...,https://lolipop.jp/media/blog-commentary/
6,【ブログの始め方】初心者が安定してブログから収入を得る方法 ...,https://www.shopify.jp/blog/how-to-start-a-blog
7,【絶対に失敗しない】ブログの始め方｜誰も教えていない正しい ...,https://mixhost.jp/column/blog-start/
8,hitodeblog｜完全初心者のためのブログの始め方,https://hitodeblog.com/
9,ブログの始め方と人気ブログの作り方を完全初心者向けに解説 ...,https://unicorn-blog.jp/archives/1733
10,ブログの書き方講座: ブログ収益はユーザー目線で加速する 初心者の ...,https://www.amazon.co.jp/%25E3%2583%2596%25E3%2583%25AD%25E3%2582%25B0%25E3%2581%25AE%25E6%259B%25B8%25E3%2581%258D%25E6%2596%25B9%25E8%25AC%259B%25E5%25BA%25A7-%25E5%2580%258B%25E4%25BA%25BA%25E3%2583%2596%25E3%2583%25AD%25E3%2582%25B0%25E6%259C%2588%25E9%2596%2593100%25E4%25B8%2587PV%25E3%2581%25AE%25E6%2589%258B%25E6%25B3%2595-%25E5%25B0%258F%25E5%25B7%259D%25E5%2596%2584%25E5%25A4%25AA%25E9%2583%258E-ebook/dp/B07C61Q5T5
11,知識ゼロでもできる！ブログの始め方を0から完全解説 - Tsuzuki Blog,https://www.tsuzukiblog.org/blog-starts/
12,矢口真里オフィシャルブログ 初心者です。 Powered by Ameba,https://ameblo.jp/mari-yaguchi/
13,「ブログ」『初心者』セミナー・勉強会・イベント - こくちーずプロ,https://www.kokuchpro.com/s/q-%25E5%2588%259D%25E5%25BF%2583%25E8%2580%2585/tag-%25E3%2583%2596%25E3%2583%25AD%25E3%2582%25B0
14,おすすめの無料ブログ17つを表で比較！初心者もできる注意点 | 月額 ...,https://zius.speever.jp/web_site_creation/hp_freeblog17/
15,【初心者向け】アフィリエイト始め方・稼ぎ方の教科書-無料ブログ ...,https://www.kagoya.jp/howto/webhomepage/affiliate-01/
16,【完全保存版】ブログの始め方・完全マニュアル! 超初心者に100万 ...,https://yossense.com/blog-beginners-should-think/
17,ブログ初心者がアフィリエイトで稼げないのは強い競合には勝て ...,https://webtan.impress.co.jp/u/2021/02/01/38970
18,ブログ作成サービスのおすすめ人気ランキング10選【初心者向け ...,https://my-best.com/6910
19,ホスティング大手のエックスサーバー、初心者でも《5分》で ...,https://prtimes.jp/main/html/rd/p/000000001.000076849.html
20,超初心者向け「稼ぐブログ」の始め方。ブログで飯食ってる私が ...,https://www.mazimazi-party.com/entry/blog-start/
21,今更聞けない？ブログ初心者が押さえておくべき9つのポイント ...,https://tcd-theme.com/2019/07/blog_media2.html
22,#ブログ初心者 hashtag on Twitter,https://twitter.com/hashtag/%25E3%2583%2596%25E3%2583%25AD%25E3%2582%25B0%25E5%2588%259D%25E5%25BF%2583%25E8%2580%2585
23,プログラミング独学・初心者におすすめブログ10選！良いブログの ...,https://tech-camp.in/note/technology/101757/
24,WordPress初心者でもクオリティの高いブログができる無料テーマ ...,https://biz.moneyforward.com/blog/17640/
25,【楽天市場】初心者でも失敗しない いちばん稼ぎやすい簡単ブログ ...,https://search.rakuten.co.jp/search/mall/%25E5%2588%259D%25E5%25BF%2583%25E8%2580%2585%25E3%2581%25A7%25E3%2582%2582%25E5%25A4%25B1%25E6%2595%2597%25E3%2581%2597%25E3%2581%25AA%25E3%2581%2584%2B%25E3%2581%2584%25E3%2581%25A1%25E3%2581%25B0%25E3%2582%2593%25E7%25A8%25BC%25E3%2581%258E%25E3%2582%2584%25E3%2581%2599%25E3%2581%2584%25E7%25B0%25A1%25E5%258D%2598%25E3%2583%2596%25E3%2583%25AD%25E3%2582%25B0%25E5%2589%25AF%25E6%25A5%25AD/
26,初心者でも失敗しない いちばん稼ぎやすい簡単ブログ副業 :武藤 ...,https://www.kawade.co.jp/np/isbn/9784309247755/
27,SEO対策の初心者はページ数を増やすことから始めよう!,https://ds-b.jp/media/pages/25/
28,初心者シリーズ の記事一覧 | Denon 公式ブログ,https://www.denon.jp/ja-jp/blog/tag/beginner/
29,【ブログの始め方完全解説！】聞くだけでOK！初心者でもわかる ...,https://www.youtube.com/watch%3Fv%3DM1lUsqp7lgY
30,アフィリエイトブログ初心者必見!無料ツールSimilarwebを使って ...,https://wemar.jp/10083/
31,ビジネスブログ初心者が犯す12の失敗 - マーケティングブログ,https://blog.hubspot.jp/update-12-blogging-mistakes-most-beginner-bloggers-make
32,ゆうにんの初心者キャンプ日記,https://yuunin.naturum.ne.jp/
33,無料ですぐに使える初心者向けWordPress「wpXブログ」,https://www.wpxblog.jp/
34,初心者 - ヤマハ バイク ブログ｜ヤマハ発動機株式会社,https://www.yamaha-motor.co.jp/mc/yamaha-motor-life/enjoy/beginner/
35,無料ブログのgoo blog （ gooブログ ）簡単ブログ作成・日記や ...,https://play.google.com/store/apps/details%3Fid%3Djp.ne.goo.blog.gooblog.pro%26hl%3Den_US%26gl%3DUS
36,Naifix｜ブログ初心者向け無料ノウハウ集,https://naifix.com/
37,【月5万稼ぐ】無料で出来る初心者向けWordPressブログの始め方,https://tabinvest.net/how-to-start-blog/
38,ブログ作成にオススメ！人気の無料サービスを22個比較｜ferret,https://ferret-plus.com/1301
39,店舗ブログ初心者女性におススメ プリンスラケットのページです。,https://www.windsorracket.co.jp/blog/blog/b2630-0001/
40,初心者が長期投資に向かないワケ。失敗しないYouTube・ブログの ...,https://media.rakuten-sec.net/articles/-/31647
41,細かいレベル分けで、初心者も安心    スクールブログ  高松校（高松 ...,https://www.aeonet.co.jp/school/chugoku/kagawa/3721/blog/2021/05/037384.html
42,まりなの初心者講座,https://sakuramarina.com/
43,ブログ | fitファミリーインドアスクール｜新潟市テニススクール ...,https://www.oh-fit.com/blog/
44,【初心者向け】FXのやり方・稼ぎ方は？失敗を防ぐ方法も紹介 ...,https://hoken-all.co.jp/media/fx-beginner/
45,【2時間で出来る】WordPressブログを構築して初心者でも簡単に ...,https://www.udemy.com/course/wordpressrocket/
46,初心者 | ゴルフ5 / GOLF5 公式ショップブログ,https://golf5-blog.alpen-group.jp/brand/golf5/search%3Ftag_keyword%3D%25E5%2588%259D%25E5%25BF%2583%25E8%2580%2585
47,フラメンコ初心者のブログをご紹介 - yy-flamenca,https://yy-flamenca.com/about_flamenco/blog/
48,部員によるリアルなDIY活動報告 - フェリシモ女子DIY部ブログ,https://www.felissimo.co.jp/diy/blog/
49,バードウォッチング初心者、すっかりハマる【その6】|ブログde ...,http://www.hama-midorinokyokai.or.jp/zoo/zoorasia/details/post-2113.php
50,ブログ運営の支援に特化した情報メディア『初心者のため ... - XFREE,https://www.xfree.ne.jp/news_detail.php%3Fview_id%3D1934
51,ブログ開設は独自ドメイン？それとも無料ブログどちらがいい ...,https://www.jetboy.jp/serverinfo/which-blog
52,【初心者向け】AutoCADの使い方サイトまとめ | 技術系ブログ,https://www.wantedly.com/companies/capa-inc/post_articles/231477
53,ブログ：富士通オープンカレッジ海浜幕張校（初心者・シニアの ...,https://mit-hd.co.jp/foc-makuhari/blog.html
54,初心者が今日からブログを始める【WordPress】 - ねたわん,https://netaone.com/wp/blog-first/
55,初心者向け photoshopの基礎的な知識 | デジタルマーケティングブログ,https://digitalidentity.co.jp/blog/creative/photoshop_beginner.html
56,初心者がやりがちなダサいデザイン | 福岡ホームページ制作の ...,https://addapter.co.jp/blog/ng_design/
57,Vlogにおすすめのカメラ10選 初心者向けから玄人向けまで人気の ...,https://www.biccamera.com/bc/i/topics/osusume_vlog_camera/index.jsp
58,初心者向け！読まれるブログの書き方｜ブログを書く順番を理解 ...,https://www.infact1.co.jp/staff_blog/webmarketing/24430/
59,初心者でも簡単に参加できる｜ウェビナーの4つのメリットを紹介 ...,https://www.gotop.co.jp/mcss/blog/webinar/webinar_20200925/
60,SEOを意識したブログ記事の書き方【初心者向け】｜NEWS｜株式 ...,https://www.indetail.co.jp/blog/181205/
61,【WordPressの始め方】初心者でも最短10分でできる！簡単で失敗 ...,https://www.conoha.jp/lets-wp/how-to-start-wp/
62,しー のDIY初心者講座に関するブログ一覧 | エーモン / エーモン ...,https://minkara.carview.co.jp/userid/193175/blog/c883751/
63,【WordPressブログの始め方】初心者でも簡単！失敗しない方法 ...,https://newstd.net/basic/13912
64,【0から始める】ブログの始め方！初心者から月100万円を目指す ...,https://ebloger.net/blog-start/
65,初心者にもおススメ！蒜山高原でゲレンデデビュー!(^^)! | ブログ ...,https://www.qkamura.or.jp/hiruzen/blog/detail/%3Fid%3D44851
66,アフィリエイト初心者は必読！成果が出ずに失敗する6つの理由,https://www.creativevillage.ne.jp/78684
67,SEO Packの最新SEO情報ブログ 初心者もすぐわかる |,https://seopack.jp/seoblog/
68,超初心者向け！はじめてのガラス撥水剤やってみました｜ソフト99 ...,https://www.soft99.co.jp/blog/6941/
69,カホンブログ〜Web集客初心者の為の入門ブログ〜,https://cajon.co.jp/blog/
70,初心者向けガイド: やさしい機械学習 | Google Cloud Blog,https://cloud.google.com/blog/ja/products/ai-machine-learning/beginners-guide-to-painless-machine-learning
71,【初心者も安心】WordPressのバックアップを取る方法とおすすめ ...,https://web-kanji.com/posts/wordpress-backup
72,初心者でも失敗しない いちばん稼ぎやすい簡単ブログ副業: ト ...,https://www.valuebooks.jp/%25E5%2588%259D%25E5%25BF%2583%25E8%2580%2585%25E3%2581%25A7%25E3%2582%2582%25E5%25A4%25B1%25E6%2595%2597%25E3%2581%2597%25E3%2581%25AA%25E3%2581%2584-%25E3%2581%2584%25E3%2581%25A1%25E3%2581%25B0%25E3%2582%2593%25E7%25A8%25BC%25E3%2581%258E%25E3%2582%2584%25E3%2581%2599%25E3%2581%2584%25E7%25B0%25A1%25E5%258D%2598%25E3%2583%2596%25E3%2583%25AD%25E3%2582%25B0%25E5%2589%25AF%25E6%25A5%25AD--%25E3%2583%2588.../bp/VS0024169424
73,なみよいのブログ|ダイビング 大阪の なみよいくじら 初心者歓迎 ...,https://www.namiyoi.com/blog.html
74,スタッフブログ 脱・初心者！ | せこ歯科クリニックの ...,https://www.sekodc.jp/sp/blog/blog000371.html
75,キャンプの初心者向け基本ブログ | そらのしたスタイル,https://www.soranoshita.net/blog/category/camp/camp-basic-infomation/
76,ガーデニング初心者におすすめのブログ14選！〜上級者からコツを ...,https://myhome.nifty.com/column/ikkodate/200212290345/
77,初心者向け！ピンタレストの使い方 入門ガイド | Pinterest Japan ...,https://pinterestjapanblog.com/pinterest-beginners-guide-2020/
78,初心者必見！集客をアップさせるWordPressの投稿方法 - バズ部,https://bazubu.com/wordpress-post-15790.html
79,ブログ初心者が最初の10記事を書くときに守るべき3つのこと ...,https://kurone43.com/first-10article/
80,今さら聞けないブログの基本【初心者限定入門編！その3・ブログの ...,https://conta.tokyo/news/%25E4%25BB%258A%25E3%2581%2595%25E3%2582%2589%25E8%2581%259E%25E3%2581%2591%25E3%2581%25AA%25E3%2581%2584%25E3%2583%2596%25E3%2583%25AD%25E3%2582%25B0%25E3%2581%25AE%25E5%259F%25BA%25E6%259C%25AC%25E3%2580%2590%25E5%2588%259D%25E5%25BF%2583%25E8%2580%2585%25E9%2599%2590%25E5%25AE%259A%25E5%2585%25A5%25E9%2596%2580%25E7%25B7%25A8-3/
81,ブログ初心者をターゲットに「gooブログサポートパック」を提供 ...,https://kyodonewsprwire.jp/release/201302049738
82,ブログ初心者は雑記ブログでもアドセンス収入を得られるのか ...,https://growth-ma.jp/column/article/column021002/
83,初心者が使いやすい無料ブログサービスを比較してみました（2017 ...,https://www.unionnet.jp/knowledge/blog-service/
84,ブログの始め方について解説する【初心者向け】,https://miya-system-works.com/blog/detail/63
85,【ブログを継続するコツ】初心者が会社・店舗のブログを続ける ...,https://f-color.co.jp/column/%25E3%2580%2590%25E3%2583%2596%25E3%2583%25AD%25E3%2582%25B0%25E3%2582%2592%25E7%25B6%2599%25E7%25B6%259A%25E3%2581%2599%25E3%2582%258B%25E3%2582%25B3%25E3%2583%2584%25E3%2580%2591%25E5%2588%259D%25E5%25BF%2583%25E8%2580%2585%25E3%2581%258C%25E4%25BC%259A%25E7%25A4%25BE%25E3%2583%25BB%25E5%25BA%2597%25E8%2588%2597%25E3%2581%25AE/
86,ブログ初心者がWordPressをはじめる前に知っておきたい3つのこと ...,https://blog.codecamp.jp/wordpress-%2520start-3tips
87,【初心者必見】ブログの始め方ガイド！サイト開設から記事執筆 ...,https://mediafox.jp/blog-start/
88,ライター初心者でも簡単にマネできるブログ記事の書き方25のコツ ...,https://innovarth.co.jp/writing
89,【初心者向け】Youtube広告の始め方を徹底解説 明日から動画を ...,https://primenumbers.co.jp/blog/beginner/getstarted-youtube/
90,初心者にもわかりやすくタメになるブログ (普通自転車からMTB ...,https://www.cyclespot.net/contents/blog/mishima-blog/%25E5%2588%259D%25E5%25BF%2583%25E8%2580%2585%25E3%2581%25AB%25E3%2582%2582%25E3%2582%258F%25E3%2581%258B%25E3%2582%258A%25E3%2582%2584%25E3%2581%2599%25E3%2581%258F%25E3%2582%25BF%25E3%2583%25A1%25E3%2581%25AB%25E3%2581%25AA%25E3%2582%258B%25E3%2583%2596%25E3%2583%25AD%25E3%2582%25B0-%25E3%2580%2580%25E3%2580%2580%25E3%2580%2580/
91,ブログ初心者必見！！「読まれるブログ」の書き方｜技術BLOG ...,https://www.jcsc.co.jp/tech_blog/archives/15
92,【初心者向け】カメラ・写真の始め方ガイド｜カメラ趣味歴5年社員 ...,https://clublog.club-t.com/_ct/17386860
93,初心者ブロガーが最初に覚えておきたいブログでよく使うHTMLタグ ...,https://liginc.co.jp/web/html-css/html/121734
94,ホームページ制作の初心者向けブログ『まりなの超初心者講座』第 ...,https://www.sakura.ad.jp/information/announcements/2016/03/25/1128/
95,はてなブログ初心者がやること7つ！世界一詳しい解説マニュアル,https://blog-support.jp/hatenablog-summary/
96,クラウド初心者SEが知っておきたい用語 ... - ニフクラ ブログ,https://blog.pfs.nifcloud.com/cloud__glossary_region_zone
97,ブログ運営の支援に特化した情報メディア『初心者のためのブログ ...,https://www.xserver.co.jp/news/200521.php
98,初心者向け: 簡単AWS用語解説 | ブログ | WafCharm（ワフチャーム ...,https://www.wafcharm.com/blog/blog_cat/%25E5%2588%259D%25E5%25BF%2583%25E8%2580%2585%25E5%2590%2591%25E3%2581%2591%25EF%25BC%259A%25E7%25B0%25A1%25E5%258D%2598aws%25E7%2594%25A8%25E8%25AA%259E%25E8%25A7%25A3%25E8%25AA%25AC/page/2/
99,初心者ガイド - LINE MOBILE 公式ブログ,https://mobile-blog.line.me/archives/cat_394647.html
100,無料ブログ20選を徹底比較！目的別おすすめのブログサービスとは ...,https://imitsu.jp/matome/hp-design/3713041646752927
